galaxy,n,N_best,chi2_1,bic_1,chi2_2,bic_2,bic_margin,chi2_gain,Galaxy,T,D,e_D,f_D,Inc,e_Inc,L36,e_L36,Reff,SBeff,Rdisk,SBdisk,MHI,RHI,Vflat,e_Vflat,Q,Ref,M_star,r_vir,M_halo,logM_star,logM_halo,logM_halo_per_star
DDO170,8,1,10.500581204023488,14.659464287383159,6.547361619231026,14.865127785950369,0.2056634985672101,3.9532195847924623,DDO170,10,15.4,4.62,1,66.0,7.0,0.543,0.03,3.03,9.39,1.95,73.93,0.735,9.14,60.0,1.6,2,"Be91,La90",271500000.0,68.39999999999999,57252999946.52294,8.433769833924865,10.757798247799466,2.324028413874601
IC2574,34,2,41.82065526075004,48.87337630998236,23.582184997127506,37.68762709559215,-11.185749214390214,18.23847026362253,IC2574,9,3.91,0.2,2,75.0,7.0,1.016,0.012,3.18,15.88,2.78,80.32,1.036,10.81,66.4,2.0,2,"Sa96,MC94",508000000.0,75.696,77597679598.03857,8.70586371228392,10.889848734752588,2.1839850224686668
IC4202,29,1,85.84830073241356,92.58289239238651,83.21213695350121,96.68132027344711,4.098427881060601,2.6361637789123478,IC4202,4,100.4,10.0,1,90.0,1.0,179.749,3.311,8.55,391.59,4.78,8888.53,12.326,32.13,242.6,11.0,1,SG06,89874500000.0,276.56399999999996,3784572996096.1743,10.9536364872814,12.578016886240198,1.6243803989587988
F583-1,25,1,4.503452552106487,10.941204201842888,4.503459191409887,17.37896249088269,6.437758289039801,-6.639303400390872e-06,F583-1,9,35.4,8.85,1,63.0,5.0,0.986,0.093,3.74,11.19,2.36,60.93,2.126,15.65,85.8,3.6,1,"KN08,dB96",493000000.0,97.81199999999998,167419623214.622,8.69284691927723,11.22380636019465,2.530959440917421
ESO563-G021,27,1,168.12818686167643,174.7198605936851,167.47533522140978,180.6586826854271,5.938822091741997,0.6528516402666469,ESO563-G021,4,60.8,9.1,1,83.0,3.0,311.177,2.579,10.59,429.37,5.45,6558.89,24.298,55.71,314.6,11.7,1,SG06,155588500000.0,358.644,8253167351802.295,11.191977493867602,12.91662065151034,1.7246431576427366
DDO064,14,1,4.132425717367579,9.410540376598096,3.4521158048988356,14.00834512335987,4.597804746761774,0.6803099124687435,DDO064,10,6.8,2.04,1,60.0,5.0,0.157,0.007,1.2,17.41,0.69,151.65,0.211,3.49,46.1,3.9,1,"dB02,Sw02",78500000.0,52.553999999999995,25968524414.60063,7.894869656745253,10.414447272817478,2.519577616072225
DDO168,10,1,36.3744370250833,40.9796072110714,36.37468379826835,45.58502417024454,4.605416959173141,-0.00024677318504728873,DDO168,10,4.25,0.21,2,63.0,6.0,0.191,0.005,1.29,18.23,1.02,92.22,0.413,4.3,53.4,1.9,2,"Sa96,Br92",95500000.0,60.87599999999999,40361590119.30033,7.980003371583746,10.605968267734204,2.6259648961504576
F571-V1,7,1,0.15844234703439866,4.050262645145025,0.1584425261807006,7.942083122401954,3.8918204772569283,-1.7914630193183179e-07,F571-V1,7,80.1,8.0,1,30.0,10.0,1.849,0.267,4.38,15.3,2.47,64.39,1.217,10.1,83.6,3.5,2,"dB97,dB96",924500000.0,95.304,154868584518.1601,8.965906915495191,11.189963328965584,2.224056413470393
NGC0024,29,2,22.497884919139256,29.232476579112205,4.055766539299648,17.524949859245545,-11.70752671986666,18.44211837983961,NGC0024,5,7.3,0.36,2,64.0,3.0,3.889,0.036,2.01,151.65,1.34,1182.58,0.676,7.29,106.3,7.9,1,"Di08,Ch06",1944500000.0,121.182,318378909016.92896,9.28880794748348,11.502944290218425,2.214136342734946
DDO154,12,1,7.474706433956284,12.444519733532285,7.474728721399229,17.41435532055123,4.969835587018945,-2.2287442945412295e-05,DDO154,10,4.04,0.2,2,64.0,3.0,0.053,0.002,0.65,19.99,0.37,71.26,0.275,4.96,47.0,1.0,2,"Be91,CB89",26500000.0,53.58,27519343580.777096,7.423245873936808,10.439638070455686,3.0163921965188782
F574-1,14,1,1.131418405201317,6.409533064431834,1.1314192034306325,11.687648521891667,5.278115457459833,-7.982293155350817e-07,F574-1,7,96.8,9.68,1,65.0,10.0,6.537,0.596,5.87,29.98,4.46,128.48,3.524,16.19,97.8,4.1,1,"dB01,dB96",3268500000.0,111.492,247948257759.4044,9.514348489301938,11.394361061011338,1.8800125717094005
F571-8,9,1,9.521047808791943,13.915496963464381,9.521064423901448,18.309962733246326,4.394465769781945,-1.6615109505124792e-05,F571-8,5,53.3,10.7,1,85.0,5.0,10.164,0.412,1.4,825.71,3.56,87.26,1.782,24.55,139.7,4.3,1,"dB01,dB96",5082000000.0,159.25799999999998,722659497924.8575,9.70603466071435,11.85893371499108,2.1528990542767303
KK98-251,15,1,4.061900150237296,9.478000552441717,4.061910248582013,14.894111052990853,5.416110500549136,-1.0098344716880092e-05,KK98-251,10,6.8,2.04,1,59.0,5.0,0.085,0.007,1.28,7.89,1.34,52.1,0.115,2.9,33.7,1.6,2,BC04,42500000.0,38.418,10144582988.251328,7.628388930050312,10.00623419926255,2.377845269212239
ESO116-G012,15,1,10.135605129688491,15.55170553189291,6.4449942352922625,17.277195039701102,1.7254895078081915,3.6906108943962286,ESO116-G012,7,13.0,3.9,1,74.0,3.0,4.292,0.071,2.75,90.54,1.51,1320.78,1.083,9.58,109.1,3.1,1,Ge04,2146000000.0,124.37399999999998,344206247268.60126,9.331629717629932,11.53681874841356,2.205189030783629
F568-V1,15,1,0.7135845662644799,6.1296849684689,0.676808519998875,11.509009324407716,5.379324355938816,0.03677604626560482,F568-V1,7,80.6,8.06,1,40.0,10.0,3.825,0.384,4.4,31.39,2.85,90.54,2.491,14.38,112.3,15.8,1,"dB01,dB96",1912500000.0,128.022,375390921544.5103,9.281601443825656,11.574483765432907,2.2928823216072516
D631-7,15,1,8.070541869220325,13.486642271424746,8.070570220699237,18.902771025108077,5.416128753683331,-2.8351478912114203e-05,D631-7,10,7.72,0.18,2,59.0,3.0,0.196,0.009,1.22,20.93,0.7,115.04,0.29,0.0,57.7,2.7,1,"Tr09,dB01",98000000.0,65.77799999999999,50918070273.50026,7.991226075692495,10.706871936115729,2.7156458604232334
ESO079-G014,15,1,13.320245670235558,18.73634607243998,13.320250567906774,24.152451372315614,5.416105299875635,-4.89767121614193e-06,ESO079-G014,4,28.7,7.17,1,79.0,5.0,51.733,0.524,7.23,157.34,5.08,2295.25,3.14,17.67,175.0,3.5,1,Ge04,25866500000.0,199.49999999999997,1420556928649.9834,10.412737668240323,12.152458642707415,1.7397209744670938
NGC0055,21,1,9.206201193192012,15.295246068638857,9.206211136598164,21.384300887491854,6.089054818852997,-9.943406151791123e-06,NGC0055,9,2.11,0.11,2,77.0,3.0,4.628,0.013,3.67,54.55,6.11,391.59,1.565,10.24,85.6,5.0,2,"Sa96,Pu91",2314000000.0,97.584,166251583557.8982,9.364363354615731,11.220765790679994,1.856402436064263
NGC0300,25,1,13.417073404315715,19.854825054052117,8.268523389740894,21.144026689213696,1.2892016351615787,5.1485500145748215,NGC0300,7,2.08,0.1,2,42.0,10.0,2.922,0.008,1.77,147.51,1.75,437.35,0.936,9.2,93.3,7.0,2,"Sa96,CP90",1461000000.0,106.36199999999998,215272932979.29968,9.164650215934296,11.332989427888034,2.1683392119537377
NGC0247,26,2,93.00631419029364,99.5225072663366,16.743622780444703,29.77600893253063,-69.74649833380597,76.26269140984894,NGC0247,7,3.7,0.19,2,74.0,3.0,7.332,0.027,5.87,33.79,3.74,506.79,1.746,12.79,104.9,8.0,2,"Sa96,Ca90",3666000000.0,119.586,305964444701.23773,9.564192460626195,11.485670961229207,1.921478500603012
NGC2403,73,2,1351.2606381577557,1359.8415570400525,227.42633826377212,244.5881760283657,-1115.2533810116868,1123.8342998939836,NGC2403,6,3.16,0.16,2,63.0,3.0,10.041,0.028,2.16,341.06,1.39,1408.74,3.199,15.11,131.2,4.9,1,"Da06,Fr02",5020500000.0,149.56799999999998,598612803783.3854,9.70074697141346,11.77714600176746,2.0763990303540005
NGC0100,21,1,1.626134268249436,7.715179143696282,1.6151861713737592,13.793275922267451,6.078096778571169,0.010948096875676772,NGC0100,6,13.5,4.05,1,89.0,1.0,3.232,0.063,2.81,64.99,1.66,1193.52,1.99,16.36,88.1,6.4,1,"dB02,Rh96",1616000000.0,100.43399999999998,181247582195.3958,9.208441356438568,11.258272221884678,2.0498308654461095
NGC0801,11,2,129.79359017071275,134.58938071630948,1.8762998165982288,11.467880907791711,-123.12149980851777,127.91729035411451,NGC0801,5,80.7,8.07,1,80.0,1.0,312.57,3.455,7.76,818.14,8.72,1558.94,23.201,44.99,220.1,6.2,1,"Sa96,Br92",156285000000.0,250.91399999999996,2826211272763.2056,11.193917297086106,12.45120462430858,1.257287327222473
NGC1003,36,2,188.66743527746237,195.8344731543746,57.00904104817965,71.34311680200409,-124.4913563523705,131.65839422928272,NGC1003,6,11.4,3.42,1,67.0,5.0,6.82,0.075,2.76,140.87,1.61,1345.33,5.88,33.33,109.8,4.2,1,"Sa96,Br92",3410000000.0,125.17199999999998,350874265883.26654,9.532754378992498,11.545151516990751,2.0123971379982546
NGC2841,50,2,336.09772735054986,343.92177336140617,40.6755325353519,56.323624557064484,-287.5981488043417,295.42219481519794,NGC2841,3,14.1,1.4,3,76.0,10.0,188.121,0.52,5.51,983.63,3.64,4751.49,9.775,45.12,284.8,8.6,1,"Di08,Be91",94060500000.0,324.67199999999997,6123002708468.674,10.97340728300738,12.78696445154299,1.8135571685356116
NGC2915,28,1,9.805636732669678,16.470045753020084,9.199574115717672,22.528392156418487,6.058346403398403,0.6060626169520056,NGC2915,11,4.06,0.2,2,56.0,4.0,0.641,0.008,0.53,347.4,0.55,313.93,0.508,7.16,83.5,6.3,2,El10,320500000.0,95.19,154313500515.00732,8.505828033854836,11.18840392309934,2.6825758892445037
NGC2903,29,1,52.293233464573596,59.027825124546546,52.293252695447975,65.76243601539387,6.734610890847328,-1.9230874379161378e-05,NGC2903,4,6.6,1.98,1,66.0,3.0,81.863,0.151,4.54,632.16,2.33,1193.52,2.552,13.76,184.6,5.6,1,"Be91,Be87",40931500000.0,210.444,1667399192040.754,10.612057660349793,12.222039586718214,1.6099819263684214
DDO161,31,1,7.5481222395641385,14.416096648534431,6.207839158604772,19.94378797654536,5.527691328010928,1.3402830809593667,DDO161,10,7.5,2.25,1,70.0,10.0,0.548,0.015,2.04,20.74,1.22,169.37,1.378,10.69,66.3,1.9,1,Co00,274000000.0,75.582,77247615406.97202,8.437750562820389,10.887885081862851,2.4501345190424644
NGC3877,11,1,7.127239088630557,11.923029634227298,7.127243295996407,16.71882438718989,4.795794752962593,-4.207365849495659e-06,NGC3877,5,18.0,2.5,4,76.0,1.0,72.535,0.401,4.39,598.18,2.53,3410.59,1.483,11.47,168.4,5.1,2,"VS01,SV98",36267500000.0,191.976,1265816516634.8518,10.559517619720909,12.102370758139427,1.5428531384185185
NGC3769,11,1,5.6431397408868245,10.438930286483565,5.050999003687749,14.642580094881232,4.203649808397667,0.5921407371990757,NGC3769,3,18.0,2.5,4,70.0,2.0,18.679,0.189,2.18,626.37,3.38,160.26,5.529,22.57,118.6,8.4,2,"VS01,SV98",9339500000.0,135.20399999999998,442179458728.5016,9.970323626438503,11.645598563733266,1.6752749372947626
NGC3726,12,2,24.31606847320209,29.28588177277809,16.746651832407398,26.6862784315594,-2.599603341218689,7.569416640794692,NGC3726,5,18.0,2.5,4,53.0,2.0,70.234,0.388,7.52,198.08,3.4,1789.91,6.473,22.2,168.0,6.2,2,"VS01,SV98",35117000000.0,191.52,1256817854826.0718,10.545517407601492,12.099272341826122,1.5537549342246295
NGC0891,14,1,33.127914684464535,38.40602934369505,33.12800733087836,43.6842366493394,5.278207305644344,-9.264641382600303e-05,NGC0891,3,9.91,0.5,2,90.0,1.0,138.34,0.255,3.68,1617.45,2.55,5067.92,4.462,18.16,216.1,5.7,1,Fr11,69170000000.0,246.354,2674907677756.568,10.83991777567868,12.427308797298258,1.5873910216195777
NGC2976,24,1,5.750572649599331,12.106680310295221,5.750564378468681,18.462779699860462,6.356099389565241,8.271130649717406e-06,NGC2976,5,3.58,0.18,2,61.0,10.0,3.371,0.019,1.31,308.2,1.01,1502.55,0.172,3.04,85.4,3.3,2,Si03,1685500000.0,97.356,165088989297.6138,9.226728756856993,11.21771810871555,1.990989351858559
NGC3741,21,2,23.111840939798967,29.20088581524581,4.611659307318631,16.789749058212323,-12.41113675703349,18.500181632480334,NGC3741,10,3.21,0.17,2,70.0,4.0,0.028,0.001,0.32,42.94,0.2,143.49,0.182,4.2,50.1,2.1,1,"Ge07,Bm05",14000000.0,57.114,33331716111.241577,7.146128035678238,10.522857674250272,3.3767296385720336
NGC3949,7,1,2.095170834074403,5.986991132185029,1.39170783938898,9.175348435610232,3.188357303425203,0.703462994685423,NGC3949,4,18.0,2.5,4,55.0,2.0,38.067,0.28,2.39,1058.84,3.59,185.71,3.371,13.72,163.0,7.1,2,"VS01,SV98",19033500000.0,185.82,1147908600737.9834,10.279518656438448,12.059907309860408,1.7803886534219604
NGC2683,11,1,6.231961001834226,11.027751547430967,6.1246479064898445,15.716228997683327,4.6884774502523605,0.10731309534438171,NGC2683,3,9.81,0.49,2,80.0,5.0,80.415,0.222,3.34,1139.8,2.18,10205.4,1.406,13.79,154.0,8.1,2,"Sa96,Br92",40207500000.0,175.55999999999997,968069771280.9614,10.604307070617006,11.985906659157925,1.381599588540917
NGC1090,22,2,37.77182336410959,43.953908270826226,24.897909944116293,37.26207975754956,-6.691828513276668,12.8739134199933,NGC1090,4,37.0,9.25,1,64.0,3.0,72.045,0.796,6.36,283.68,3.53,2055.09,8.783,30.49,164.4,3.7,1,Ge04,36022500000.0,187.416,1177741385371.9329,10.556573850030665,12.071049936260628,1.5144760862299655
NGC3972,10,1,6.440420021505228,11.04559020749332,3.927866591482962,13.138206963459146,2.0926167559658264,2.5125534300222663,NGC3972,4,18.0,2.5,4,77.0,1.0,14.353,0.172,3.73,164.75,2.18,1587.93,1.214,10.05,132.7,2.9,1,"VS01,SV98",7176500000.0,151.27799999999996,619380124815.4458,9.855912689188244,11.79195726524184,1.9360445760535967
NGC3521,41,2,30.967900571054162,38.39504470446278,3.5692310940875984,18.42351936090483,-19.971525343557946,27.398669476966564,NGC3521,4,7.7,2.3,1,75.0,5.0,84.836,0.156,2.45,2232.7,2.4,2112.66,4.154,18.85,213.7,15.9,1,"Da06,Sa96",42418000000.0,243.61799999999997,2586771474506.5576,10.627550187767522,12.412758063140744,1.7852078753732208
NGC3893,10,1,2.8605585013310666,7.465728687319158,2.8605609323556256,12.070901304331809,4.60517261701265,-2.431024558990913e-06,NGC3893,5,18.0,2.5,4,49.0,2.0,58.525,0.377,2.43,1573.37,2.38,2055.09,5.799,20.84,174.0,8.9,1,"VS01,SV98",29262500000.0,198.36,1396343415695.748,10.466311426704682,12.144992241496334,1.6786808147916528
NGC4051,7,1,3.1017202589464707,6.993540557057097,3.1017235470279143,10.885364143249166,3.8918235861920696,-3.2880814435642947e-06,NGC4051,4,18.0,2.5,4,49.0,3.0,95.268,0.439,6.87,319.76,4.65,1320.78,2.697,15.13,157.0,5.5,2,"VS01,SV98",47634000000.0,178.98,1025754554268.7478,10.677917052328027,12.011043453876235,1.3331264015482065
NGC4138,7,1,3.4504613785787317,7.342281676689359,3.450466455693007,11.23410705191426,3.891825375224901,-5.077114275220396e-06,NGC4138,0,18.0,2.5,4,53.0,3.0,44.111,0.284,1.91,1909.11,1.51,3952.12,1.483,18.58,147.3,5.9,2,"VS01,SV98",22055500000.0,167.922,847135218216.6102,10.343516907717673,11.927952737176428,1.5844358294587568
NGC0289,28,2,67.56500854408759,74.229417564438,45.35745799066043,58.686276031361245,-15.54314153307675,22.20755055342716,NGC0289,4,20.8,5.2,1,46.0,5.0,72.065,0.465,2.69,1587.93,6.74,69.96,27.469,49.51,163.0,8.0,2,Wa97,36032500000.0,185.82,1147908600737.9834,10.556694395304326,12.059907309860408,1.503212914556082
NGC3198,40,2,68.13894610038714,75.51670500861502,23.20837753879642,37.96389535525216,-37.55280965336286,44.930568561590725,NGC3198,5,13.8,1.4,3,73.0,3.0,38.279,0.212,5.84,178.99,3.14,1602.62,10.869,35.66,150.1,3.9,1,"Da06,Be91,Be87",19139500000.0,171.11399999999998,896368473448.6422,10.281930588086734,11.952486573378346,1.670555985291612
NGC2998,13,2,61.12390654001733,66.2538052549404,6.086429311591499,16.346226741437647,-49.907578513502756,55.03747722842583,NGC2998,5,68.1,10.2,1,58.0,2.0,150.902,2.085,7.06,479.55,6.2,774.16,23.451,43.58,209.9,8.1,1,"Sa96,Br92",75451000000.0,239.28599999999997,2451217296074.552,10.877665000130216,12.389381812395737,1.511716812265519
NGC3953,8,1,1.1092938206496656,5.268176904009337,1.0248051385545551,9.342571305273898,4.074394401264561,0.08448868209511051,NGC3953,4,18.0,2.5,4,62.0,1.0,141.301,0.521,6.17,587.26,4.89,1999.08,2.832,17.38,220.8,6.1,1,"VS01,SV98",70650500000.0,251.712,2853262337430.916,10.849115239736914,12.455341703820018,1.606226464083104
NGC3917,16,1,8.929644895286021,14.474822339765584,8.92964698586033,20.020001874819457,5.545179535053872,-2.090574309221438e-06,NGC3917,6,18.0,2.5,4,79.0,2.0,21.966,0.202,5.56,112.94,2.63,1226.96,1.888,14.08,135.9,4.1,1,"VS01,SV98",10983000000.0,154.926,665277547788.7239,10.040720983601194,11.823002866846018,1.7822818832448242
NGC4010,12,1,14.966689080773357,19.936502380349356,14.381367920100631,24.320994519252633,4.384492138903276,0.5853211606727253,NGC4010,7,18.0,2.5,4,89.0,1.0,17.193,0.19,6.63,14.75,2.81,2611.14,2.832,17.59,125.8,4.7,2,"VS01,SV98",8596500000.0,143.41199999999998,527699180796.62213,9.93432166751343,11.722386419976283,1.788064752462855
NGC3109,25,1,3.4302952906552866,9.868046940391688,3.1538108014621864,16.02931410093499,6.161267160543302,0.2764844891931002,NGC3109,9,1.33,0.07,2,70.0,5.0,0.194,0.002,1.64,11.4,1.56,140.87,0.477,6.0,66.2,2.6,1,"Be91,JC90",97000000.0,75.468,76898605625.32117,7.986771734266245,10.885918464967634,2.899146730701389
NGC5055,22,1,190.59699558785675,196.77908049457338,190.59707258186916,202.9612423953024,6.182161900729028,-7.699401240301995e-05,NGC5055,4,9.9,0.3,2,55.0,6.0,152.922,0.282,4.18,1383.02,3.2,3348.34,11.722,35.06,179.0,4.9,1,"Ba06,Bl04",76461000000.0,204.05999999999997,1520210016019.8655,10.883439973667864,12.181903589588211,1.298463615920349
NGC5033,20,1,44.58101718759776,50.57248173470574,44.58102875353545,56.56395784775141,5.991476113045671,-1.1565937690249939e-05,NGC5033,5,15.7,4.7,1,66.0,1.0,110.509,0.407,2.94,2036.24,5.16,614.94,11.314,29.53,194.2,3.6,1,"Sa96,Be87",55254500000.0,221.388,1941297849134.2524,10.742367653317965,12.288092173364491,1.5457245200465302
NGC5585,24,2,113.86929550100422,120.22540316170011,68.25341967578714,80.96563499717892,-39.25976816452119,45.615875825217074,NGC5585,7,7.06,2.12,1,51.0,2.0,2.943,0.033,2.27,90.54,1.53,297.05,1.683,10.92,90.3,2.4,1,"Bl99,Sa96,Co91",1471500000.0,102.942,195167611686.82904,9.16776026643563,11.290407747589052,2.1226474811534217
NGC5985,33,2,112.21016520332259,119.20318032625555,44.46996172201411,58.45599196788003,-60.74718835837552,67.74020348130847,NGC5985,3,39.7,9.9,1,60.0,2.0,208.728,1.538,10.71,288.95,7.01,1461.61,11.586,39.5,293.6,8.6,1,"Bl04,Br92",104364000000.0,334.704,6708302688463.605,11.018550716122284,12.826612650380634,1.8080619342583493
NGC4100,24,1,13.499810412247808,19.855918072943698,13.499763579018296,26.21197890041008,6.356060827466383,4.683322951137825e-05,NGC4100,4,18.0,2.5,4,73.0,2.0,59.394,0.328,4.93,388.0,2.15,8970.78,3.102,18.06,158.2,5.0,1,"VS01,SV98",29697000000.0,180.348,1049455273307.2766,10.472712578972017,12.020963934133508,1.5482513551614918
NGC6015,44,2,663.404747207488,670.9731264753245,151.23066449884286,166.3674230345159,-504.6057034408086,512.1740827086451,NGC6015,6,17.0,5.1,1,60.0,2.0,32.129,0.237,3.92,331.76,2.3,1926.77,5.834,21.43,154.1,7.0,2,VM97,16064499999.999998,175.67399999999998,969956846327.87,10.20586721288659,11.986752412803792,1.7808851999172024
NGC4088,9,1,4.177334089828369,8.571783244500807,2.2397297688517814,11.02862807819666,2.456844833695852,1.9376043209765874,NGC4088,4,18.0,2.5,4,69.0,2.0,107.286,0.494,6.1,457.96,2.58,3988.69,8.226,22.25,171.7,6.9,1,"VS01,SV98",53643000000.0,195.73799999999997,1341699883703.6812,10.729513057900906,12.127655382131284,1.3981423242303777
NGC4559,32,1,7.40519517907344,14.336666984672892,5.957264922999164,19.82020853419807,5.483541549525178,1.447930256074276,NGC4559,6,9.0,2.7,1,67.0,1.0,19.377,0.107,3.82,211.27,2.1,1602.62,5.811,21.16,121.2,5.1,1,Ba05,9688500000.0,138.16799999999998,471902584783.2203,9.98625654359883,11.673852356139337,1.687595812540506
NGC6503,31,2,73.85875155522946,80.72672596419976,39.95196014835912,53.6879089662997,-27.038816997900057,33.90679140687034,NGC6503,6,6.26,0.31,2,74.0,2.0,12.845,0.059,1.62,774.16,2.16,398.87,1.744,14.05,116.3,2.4,1,"Be91,Be87",6422500000.0,132.582,416949676133.6554,9.807704112938383,11.62008364083388,1.812379527895496
NGC5371,19,3,209.44772036248688,215.33659832081975,40.58131511569592,52.35907103236168,-162.97752728845808,168.86640524679095,NGC5371,4,39.7,9.92,1,53.0,2.0,340.393,1.881,9.8,560.83,7.44,1395.82,11.18,30.03,209.5,3.9,1,"Sa96,Be87",170196500000.0,238.83,2437230355320.1533,11.230950624806642,12.386896578555476,1.1559459537488357
NGC4217,11,1,5.472367473640891,10.268158019237632,5.472370206727276,15.06395129792076,4.795793278683128,-2.7330863847652154e-06,NGC4217,3,18.0,2.5,4,86.0,2.0,85.299,0.393,5.28,483.98,2.94,4373.51,2.562,16.7,181.3,7.2,1,"VS01,SV98",42649500000.0,206.682,1579566479786.836,10.62991394409642,12.19853790893506,1.5686239648386415
NGC5005,13,1,0.34564946349277575,5.475548178415849,0.34564953814966703,10.605446967995814,5.129898789579965,-7.465689128016706e-08,NGC5005,4,16.9,1.5,5,68.0,2.0,178.72,0.494,3.97,1789.91,9.45,96.57,1.28,10.41,262.2,20.7,1,Ri15,89360000000.0,298.90799999999996,4777960540146.155,10.951143160107552,12.679242558710731,1.7280993986031792
NGC4013,36,2,61.43560116072256,68.60263903763479,23.014790398036858,37.3488661518613,-31.253772885773486,38.420810762685704,NGC4013,3,18.0,2.5,4,89.0,1.0,79.094,0.364,4.11,746.16,3.53,10205.4,2.967,31.35,172.9,7.1,2,"VS01,SV98",39547000000.0,197.106,1370028105089.3882,10.597113543892805,12.136729476470302,1.5396159325774974
UGC02259,8,2,14.269908420005262,18.428791503364934,1.278120403207585,9.595886569926929,-8.832904933438005,12.991788016797678,UGC02259,8,10.5,3.1,1,41.0,3.0,1.725,0.038,2.4,47.08,1.62,172.52,0.494,7.28,86.2,2.9,2,"Be91,Ca88",862500000.0,98.268,169772089608.94327,8.935759103745312,11.229866294122672,2.2941071903773604
UGC00128,22,2,144.06720117727508,150.2492860839917,46.53660432534551,58.90077413877877,-91.34851194521293,97.53059685192957,UGC00128,8,64.5,9.7,1,57.0,10.0,12.02,0.565,9.63,20.36,5.95,88.89,7.431,31.27,129.3,2.8,1,"VB99,VH93",6010000000.0,147.402,572980802430.1835,9.77887447200274,11.758140071289716,1.9792655992869772
UGC00731,12,2,5.721348216569436,10.691161516145437,0.6734838813600885,10.61311048051209,-0.07805103563334725,5.047864335209347,UGC00731,10,12.5,3.75,1,57.0,3.0,0.323,0.019,1.4,25.63,2.3,82.57,1.807,11.57,73.3,2.3,1,"Sw09,Sw02",161500000.0,83.56199999999998,104389404609.7221,8.208172526667122,11.01865642057192,2.810483893904797
NGC4183,23,1,8.082160665932495,14.353149097790794,2.0021576282045728,14.544134491921172,0.19098539413037763,6.080003037727922,NGC4183,6,18.0,2.5,4,82.0,2.0,10.838,0.15,4.47,86.46,2.79,1098.58,3.506,16.07,110.6,5.4,1,"VS01,SV98",5419000000.0,126.084,358599663382.8655,9.73391915101239,11.554609877554572,1.820690726542182
NGC6674,15,3,277.4910992908126,282.907199693017,25.762090752440464,36.594291556849306,-246.3129081361677,251.72900853837214,NGC6674,3,51.2,10.2,1,54.0,6.0,214.654,1.977,7.75,560.83,6.04,1370.35,32.165,50.02,241.3,4.9,1,"Sa96,Br92",107327000000.0,275.082,3724058224092.1113,11.030708990148176,12.571016462374892,1.5403074722267167
NGC7814,16,1,10.083944966118244,15.629122410597805,6.968035435880898,18.058390324840023,2.4292679142422173,3.115909530237346,NGC7814,2,14.4,0.66,2,90.0,1.0,74.529,0.343,2.08,2709.13,2.54,2635.3,1.07,12.15,218.9,7.0,1,Fr11,37264500000.0,249.546,2780236760745.982,10.571295298417532,12.44408178135233,1.8727864829347975
UGC04325,8,1,2.474755951678374,6.633639035038046,2.474758159618208,10.792524326337551,4.158885291299505,-2.207939834075745e-06,UGC04325,9,9.6,2.88,1,41.0,3.0,2.026,0.035,2.79,41.0,1.86,213.22,0.678,6.61,90.9,2.7,1,"Sw09,Sw02",1013000000.0,103.626,199083902955.42108,9.00560944536028,11.299036146314435,2.293426700954157
UGC02916,32,1,90.67055562207955,97.602027427679,90.6708182029914,104.5337618141903,6.931734386511295,-0.0002625809118512734,UGC02916,2,65.4,9.8,1,50.0,5.0,124.153,1.83,2.8,2425.66,6.15,520.99,23.273,34.24,182.7,6.9,2,"No07,No05",62076500000.0,208.27799999999996,1616442046594.79,10.792927222529496,12.208560138706147,1.4156329161766514
UGC02953,106,2,1122.9023411733701,1132.2292193615942,409.6697777618761,428.32353413832436,-703.9056852232699,713.2325634114941,UGC02953,2,16.5,4.95,1,50.0,4.0,259.518,0.717,5.03,1544.65,3.55,4215.31,7.678,24.0,264.9,6.0,2,"No07,No05",129758999999.99998,301.98599999999993,4927088595636.736,11.113137489948498,12.692590371540229,1.5794528815917293
NGC3992,9,1,5.030022391976725,9.424471546649164,2.770519433476563,11.559417742821442,2.1349461961722778,2.259502958500162,NGC3992,4,23.7,2.3,5,56.0,2.0,226.932,0.836,9.99,360.44,4.96,3257.09,16.599,32.75,241.0,5.2,1,"VS01,SV98",113466000000.0,274.73999999999995,3710185504928.027,11.054865745013934,12.56939562437314,1.5145298793592057
NGC6195,20,2,31.989780006659398,37.98124455376738,9.071860285811344,21.05478938002731,-16.926455173740074,22.917919720848055,NGC6195,3,127.8,12.8,1,62.0,5.0,391.076,6.123,9.52,686.8,13.94,174.11,20.907,40.89,251.7,9.3,1,SG06,195538000000.0,286.938,4226629143790.5,11.29123116882462,12.625994143293624,1.3347629744690028
NGC6946,55,1,63.220416075766984,71.23508244623193,63.21430669864293,79.24363943957282,8.008556993340889,0.006109377124055015,NGC6946,6,5.52,1.66,2,38.0,2.0,66.173,0.122,4.2,571.26,2.44,2232.7,5.67,21.25,158.9,10.9,1,Bo08,33086500000.0,181.146,1063447827241.2118,10.519650828475031,12.026716188270672,1.5070653597956412
NGC7331,28,1,12.214361930813403,18.878770951163812,10.470460650609075,23.79927869130989,4.920507740146078,1.7439012802043283,NGC7331,3,14.7,1.5,3,75.0,2.0,250.631,0.693,3.99,2470.76,5.02,1806.47,11.067,27.01,239.0,5.4,1,"Be91,Be87",125315500000.0,272.46,3618580174893.22,11.098004791250704,12.558538199492949,1.4605334082422434
UGC04278,25,2,14.8975663963732,21.335318046109602,7.953233153440141,20.828736452912942,-0.5065815931966604,6.94433324293306,UGC04278,7,9.51,2.85,1,90.0,3.0,1.307,0.026,2.46,34.11,2.21,377.42,1.116,8.9,91.4,4.8,1,"dB02,Sw02",653500000.0,104.196,202387219486.1088,8.815245591916563,11.306183083850028,2.4909374919334653
UGC03205,46,2,333.8384911083492,341.4957739013274,65.22406431903993,80.5386299049963,-260.9571439963311,268.6144267893093,UGC03205,2,50.0,10.0,1,67.0,4.0,113.642,1.361,5.35,587.26,3.19,3915.89,9.677,28.6,219.6,8.6,1,"No07,No05",56821000000.0,250.34399999999997,2806994127066.1323,10.754508872657953,12.448241503982697,1.6937326313247445
UGC05986,15,1,11.436643066345011,16.85274346854943,11.436659462516804,22.268860266925643,5.416116798376212,-1.6396171792720793e-05,UGC05986,9,8.63,2.59,1,90.0,3.0,4.695,0.048,3.12,76.71,1.67,1725.16,2.667,16.53,113.0,4.1,2,"Sw09,Sw02",2347500000.0,128.82,382454545665.9173,9.370605600938148,11.582579827098794,2.2119742261606454
UGC02885,19,3,75.42553428259511,81.314412240928,18.644843042534195,30.422598959199956,-50.891813281728034,56.78069124006092,UGC02885,5,80.6,8.06,1,64.0,4.0,403.525,4.088,12.2,421.53,11.4,470.79,40.075,74.24,289.5,12.0,1,"Sa96,RA85",201762500000.0,330.03,6431173125571.1,11.304840450521027,12.8082902008389,1.5034497503178716
UGC05253,73,2,100.23825764886385,108.81917653116064,82.9726884873876,100.13452625198116,-8.684650279179479,17.26556916147625,UGC05253,2,22.9,5.72,1,37.0,4.0,171.582,0.79,4.28,1488.78,8.07,189.16,16.396,36.64,213.7,7.1,2,"No07,No05",85791000000.0,243.61799999999997,2586771474506.5576,10.933441730094035,12.412758063140744,1.4793163330467056
NGC4157,15,1,3.5584974847795934,8.974597886984014,0.8662314273726924,11.698432231781533,2.7238343447975186,2.692266057406901,NGC4157,3,18.0,2.5,4,82.0,3.0,105.62,0.486,4.44,848.85,2.32,23813.87,8.226,24.09,184.7,7.2,1,"VS01,SV98",52810000000.0,210.55799999999996,1670110409708.6428,10.722716167488494,12.22274518296926,1.5000290154807647
UGC06446,17,1,6.744356039754531,12.410782727866962,2.165633364745528,13.498486740970392,1.08770401310343,4.578722675009002,UGC06446,7,12.0,3.6,1,51.0,3.0,0.988,0.032,2.06,37.05,1.49,86.46,1.379,10.33,82.2,4.3,1,"VS01,SV98",494000000.0,93.708,147217673171.4916,8.693726948923647,11.167959949268685,2.4742330003450377
UGC05721,23,1,8.28132392982599,14.55231236168429,8.193203682382265,20.735180546098864,6.182868184414573,0.08812024744372593,UGC05721,7,6.18,1.85,1,61.0,5.0,0.531,0.011,0.6,233.79,0.38,913.76,0.562,6.74,79.7,6.6,1,"dB02,Sw02",265500000.0,90.858,134189786166.18344,8.424064525417489,11.127719460836872,2.703654935419383
UGC06923,6,1,1.9666674374212172,5.5501863758773275,1.9666732748438385,9.133711151756058,3.5835247758787308,-5.837422621279842e-06,UGC06923,10,18.0,2.5,4,65.0,2.0,2.89,0.077,1.66,166.28,1.44,347.4,0.809,6.75,79.6,2.5,2,"VS01,SV98",1445000000.0,90.744,133685313814.98332,9.159867847092569,11.12608369986154,1.9662158527689737
UGC06818,8,1,7.965410705174008,12.12429378853368,7.438010765599279,15.755776932318621,3.6314831437849406,0.5273999395747291,UGC06818,9,18.0,2.5,4,75.0,3.0,1.588,0.057,2.12,56.08,1.39,286.31,1.079,6.96,71.2,4.0,2,"VS01,SV98",794000000.0,81.16799999999999,95671917319.82304,8.899820502427096,10.980784477559103,2.0809639751320077
UGC04499,9,1,1.70299151292755,6.097440667599989,1.7029915361439778,10.491889845488856,4.394449177888867,-2.321642789127054e-08,UGC04499,8,12.5,3.75,1,50.0,3.0,1.552,0.043,2.69,33.79,1.73,127.3,1.1,8.67,72.8,2.4,1,"Sw09,Sw02",776000000.0,82.99199999999999,102267734335.2918,8.889861721258189,11.009738634587643,2.119876913329456
UGC05005,11,1,0.12796141510787531,4.9237519607046165,0.12610807638872237,9.717689167582206,4.793937206877589,0.0018533387191529416,UGC05005,10,53.7,10.7,1,41.0,10.0,4.1,0.283,5.02,25.63,3.2,65.59,3.093,21.61,98.9,7.2,1,"dB02,VH93",2050000000.0,112.746,256409062886.69147,9.311753861055754,11.408933371440073,2.0971795103843185
UGC03546,15,1,15.643625010299916,21.059725412504335,15.643628041664241,26.47582884607308,5.416103433568747,-3.0313643257784406e-06,UGC03546,1,28.7,7.2,1,55.0,5.0,101.336,0.747,2.58,2403.42,3.79,922.21,2.675,18.37,196.9,7.4,1,"No07,No05",50668000000.0,224.466,2023399531322.4412,10.70473376187689,12.30608164506289,1.6013478831859995
UGC06787,55,2,1787.888300356263,1795.902966726728,1114.5529144101868,1130.5822471511167,-665.3207195756113,673.3353859460763,UGC06787,2,21.3,5.32,1,66.0,3.0,98.256,0.543,2.88,1891.6,5.37,429.37,5.03,26.44,248.1,4.8,2,"No07,No05",49128000000.0,282.83399999999995,4047853531168.984,10.691329084374113,12.607224789465162,1.9158957050910512
UGC03580,25,1,65.13561471430359,71.57336636403998,61.49970015222199,74.37520345169479,2.8018370876548033,3.635914562081595,UGC03580,1,20.7,5.2,1,63.0,4.0,13.266,0.195,1.84,614.94,2.43,302.57,4.37,19.97,126.2,3.2,2,"No07,No05",6633000000.0,143.868,532748899632.86847,9.821709997298376,11.726522561372882,1.904812564074506
UGC06399,9,1,0.33013787732474337,4.724587031997182,0.3301380795280369,9.119036388872916,4.394449356875733,-2.022032935533602e-07,UGC06399,9,18.0,2.5,4,75.0,2.0,2.296,0.072,3.45,30.82,2.05,311.05,0.674,8.8,85.0,3.8,1,"VS01,SV98",1148000000.0,96.9,162780086074.8074,9.059941888061957,11.211601273791413,2.1516593857294577
NGC5907,19,3,171.69199025489357,177.58086821322644,45.82180215759098,57.59955807425674,-119.98131013896969,125.87018809730259,NGC5907,5,17.3,0.9,2,88.0,2.0,175.425,0.646,7.88,449.6,5.34,8646.29,21.025,0.0,215.0,2.9,1,"Sa96,SA87",87712500000.0,245.09999999999997,2634267515479.282,10.943061489536872,12.42065987639535,1.477598386858478
UGC07690,7,1,0.5561937025108918,4.4480140006215185,0.5561940155396999,8.339834611760953,3.8918206111394342,-3.130288080965826e-07,UGC07690,10,8.11,2.43,1,41.0,5.0,0.858,0.018,0.86,184.01,0.57,395.21,0.39,5.5,57.4,3.2,2,"Sw09,Sw02",429000000.0,65.43599999999999,50127976488.69657,8.632457292184725,10.700080173842457,2.06762288165773
UGC07151,11,1,8.203970152587937,12.999760698184678,8.123690196052566,17.715271287246047,4.715510589061369,0.0802799565353709,UGC07151,6,6.87,0.34,2,90.0,3.0,2.284,0.025,2.17,76.71,1.25,965.67,0.616,6.39,73.5,2.8,1,"Sw09,Sw02",1142000000.0,83.78999999999999,105246221729.81998,9.05766610390983,11.02220651390112,1.9645404099912904
UGC07261,7,1,1.9067551421680182,5.798575440278645,0.0765132573861177,7.860153853607371,2.061578413328726,1.8302418847819006,UGC07261,8,13.1,3.93,1,30.0,10.0,1.753,0.048,2.66,39.16,1.2,566.02,1.388,10.1,74.7,3.4,2,"Sw09,Sw02",876500000.0,85.158,110485758646.426,8.942751920429814,11.04330630209473,2.1005543816649173
UGC07399,10,2,7.337419819724948,11.94259000571304,0.7038251296072338,9.914165501583417,-2.0284245041296227,6.6335946901177145,UGC07399,8,8.43,2.53,1,55.0,3.0,1.156,0.024,1.27,113.98,1.64,135.78,0.745,7.85,103.0,3.3,1,"Sw09,Sw02",578000000.0,117.42,289638420706.3156,8.76192783842053,11.461856170764053,2.6999283323435215
UGC06614,12,1,1.318666842108753,6.2884801416847536,1.318672914423769,11.258299513575771,4.969819371891018,-6.0723150159258665e-06,UGC06614,1,88.7,8.87,1,36.0,10.0,124.35,2.52,3.68,1461.61,5.1,540.54,21.888,60.63,199.8,16.0,1,"dB01,VH93",62175000000.0,227.772,2114126394386.3047,10.793615793941974,12.325130948318424,1.53151515437645
UGC06786,45,2,146.17542514444983,153.78875012399047,31.739139057136892,46.96578901621817,-106.8229611077723,114.43628608731294,UGC06786,0,29.3,7.32,1,64.0,3.0,73.407,0.676,3.42,992.73,3.6,1078.52,5.03,20.31,219.4,7.8,1,"No07,No05",36703500000.0,250.116,2799331726950.808,10.564707480007137,12.447054366364611,1.8823468863574744
UGC06930,10,1,1.4346833208659118,6.039853506854003,0.7578662554906083,9.968206627466792,3.9283531206127886,0.6768170653753035,UGC06930,7,18.0,2.5,4,32.0,5.0,8.932,0.14,4.38,73.93,3.94,189.16,3.237,16.76,107.2,5.1,1,"VS01,SV98",4466000000.0,122.208,326534334064.18646,9.64991871873542,11.513928852718788,1.8640101339833688
UGC05716,12,2,25.56662641589315,30.53643971546915,7.480772656567253,17.420399255719254,-13.116040459749897,18.085853759325897,UGC05716,9,21.3,5.3,1,54.0,10.0,0.588,0.042,1.84,27.59,1.14,90.54,1.094,10.64,73.1,1.2,2,vZ97,294000000.0,83.33399999999999,103537250428.39767,8.468347330412158,11.015096627522116,2.546749297109958
UGC06667,9,1,0.6655771659087938,5.060026320581233,0.6494957785606287,9.438394087905507,4.378367767324274,0.01608138734816511,UGC06667,6,18.0,2.5,4,89.0,1.0,1.397,0.066,3.5,18.06,5.15,614.94,0.809,8.59,83.8,3.1,1,"VS01,SV98",698500000.0,95.53199999999998,155982742740.48978,8.844166410450201,11.193076552539363,2.348910142089162
UGC06917,11,1,1.7729270766280805,6.568717622224822,1.7439105219828264,11.335491613176309,4.766773990951487,0.0290165546452541,UGC06917,9,18.0,2.5,4,56.0,2.0,6.832,0.12,4.52,53.07,2.76,261.11,2.023,12.67,108.7,3.5,1,"VS01,SV98",3416000000.0,123.918,340434157752.6616,9.533517862016968,11.532033128907418,1.9985152668904504
UGC10310,7,1,0.46811198192203535,4.359932280032662,0.46811232184741214,8.251752918068664,3.8918206380360028,-3.399253767910615e-07,UGC10310,9,15.2,4.6,1,34.0,6.0,1.741,0.053,3.12,28.37,1.8,158.79,1.196,9.58,71.4,3.9,1,"Sw09,Sw02",870500000.0,81.396,96480408136.88268,8.93976877545335,10.984439131977055,2.0446703565237065
UGC08286,17,2,18.788259064299904,24.454685752412338,8.636344260382737,19.969197636607603,-4.485488115804735,10.151914803917167,UGC08286,6,6.5,0.21,2,90.0,3.0,1.255,0.018,2.25,39.52,1.05,1488.78,0.642,8.07,82.4,2.3,1,"Sw09,Sw02",627500000.0,93.936,148294871401.63364,8.797613730153076,11.171126131739882,2.3735124015868063
UGC07603,12,1,2.0398902908629717,7.009703590438972,2.039891638087874,11.979518237239876,4.969814646800904,-1.3472249023038785e-06,UGC07603,7,4.7,1.41,1,78.0,3.0,0.376,0.008,0.85,81.81,0.53,520.99,0.258,4.37,61.6,2.8,1,"Sw09,Sw02",188000000.0,70.22399999999999,61956465361.981544,8.27415784926368,10.79208663314181,2.51792878387813
UGC07125,13,1,2.7277109511799216,7.857609666102995,2.7277120313996437,12.987509461245791,5.129899795142796,-1.080219722116027e-06,UGC07125,9,19.8,5.9,1,90.0,3.0,2.712,0.08,3.92,28.11,3.38,103.0,4.629,23.04,65.2,2.1,1,"Sw09,Sw02",1356000000.0,74.328,73466150447.23094,9.132259689531043,10.866087283844294,1.733827594313249
UGC08699,37,2,112.0798910511451,119.30172687643355,17.81307465837477,32.25674630895167,-87.04498056748187,94.26681639277032,UGC08699,2,39.3,9.82,1,73.0,9.0,50.302,0.695,1.91,2191.95,3.09,1370.35,3.738,19.05,182.4,6.9,2,"No07,No05",25151000000.0,207.936,1608492345889.5908,10.400555257218906,12.206418998625727,1.8058637414068208
UGC08550,11,2,8.53463520303512,13.33042574863186,3.0920550808635245,12.683636172057007,-0.6467895765748537,5.442580122171595,UGC08550,7,6.7,2.0,1,90.0,3.0,0.289,0.009,1.01,45.38,0.45,1284.78,0.288,5.59,56.9,1.9,1,"Sw09,Sw02",144500000.0,64.866,48829389654.74748,8.159867847092567,10.688681295833748,2.5288134487411806
UGC07524,31,1,6.863573286364456,13.731547695334749,5.2721829194291026,19.008131737369688,5.276584042034939,1.5913903669353537,UGC07524,9,4.74,0.24,2,46.0,3.0,2.436,0.025,3.61,29.71,3.46,106.86,1.779,12.11,79.5,3.6,1,"Sw09,Sw02",1218000000.0,90.63,133182107391.2265,9.085647288296856,11.124445882617945,2.038798594321088
UGC11455,33,2,56.96245947754536,63.95547460047832,46.94093925843462,60.92696950430054,-3.0285050961777813,10.02152021911074,UGC11455,6,78.6,11.8,1,90.0,1.0,374.322,3.792,10.06,571.26,5.93,9568.2,13.335,43.44,269.4,7.4,1,SG06,187161000000.0,307.11599999999993,5182475656956.316,11.27221535695892,12.714537270809435,1.442321913850515
UGC06983,17,1,6.352650874359593,12.019077562472026,5.832993235912825,17.165846612137692,5.146769049665666,0.5196576384467679,UGC06983,6,18.0,2.5,4,49.0,1.0,5.298,0.102,3.95,53.56,3.21,121.57,2.967,16.07,109.0,5.8,1,"VS01,SV98",2649000000.0,124.26,343260626239.56323,9.423081958297232,11.535623990470404,2.112542032173174
UGC09133,64,2,671.8487095111511,680.1664756778705,366.0861384261741,382.7216707596128,-297.4448049182577,305.762571084977,UGC09133,2,57.1,11.4,1,53.0,6.0,282.926,2.345,5.92,1284.78,6.97,864.63,33.428,60.35,226.8,4.2,1,"No07,No05",141463000000.0,258.55199999999996,3092243229567.6963,11.150642863909232,12.490273647311142,1.3396307834019083
UGCA444,36,1,7.411353605144309,14.578391482056528,1.8310509422678332,16.165126696092273,1.5867352140357447,5.580302662876476,UGCA444,10,0.98,0.05,2,78.0,4.0,0.012,0.0,0.41,11.94,0.83,22.74,0.067,2.08,37.0,4.8,2,Ke07,6000000.0,42.18,13426093547.64457,6.778151250383644,10.12794966884952,3.349798418465875
UGC12506,31,2,21.004456832037587,27.87243124100788,2.9075434189040905,16.643492236844676,-11.228939004163205,18.096913413133496,UGC12506,6,100.6,10.1,1,86.0,4.0,139.571,3.214,12.36,144.82,7.38,5608.28,35.556,59.01,234.0,16.8,2,Ha14,69785500000.0,266.76,3396190703827.7944,10.843765194483272,12.530992068878962,1.6872268743956909
UGC02487,17,1,64.89153983692817,70.55796652504061,60.63498843128099,71.96784180750585,1.4098752824652365,4.256551405647187,UGC02487,0,69.1,10.4,1,36.0,5.0,489.955,4.061,9.63,818.14,7.89,1150.35,17.963,40.2,332.0,3.5,1,"No07,No05",244977500000.0,378.48,9699709949754.818,11.38912619834589,12.986758747760645,1.5976325494147527
UGC11914,63,3,500.842202359316,509.12847181209906,49.67193846660018,66.24447737216632,-442.88399443993274,451.1702638927158,UGC11914,2,16.9,5.1,1,31.0,5.0,150.028,0.553,3.12,2425.66,2.44,3168.33,0.888,9.26,288.1,10.5,1,"No07,No05",75014000000.0,328.434,6338321606064.766,10.875142324129556,12.801974271489774,1.926831947360219
UGC09037,19,1,8.5582967317383,14.447174690071181,8.558317384656647,20.336073301322408,5.888898611251227,-2.0652918346186766e-05,UGC09037,6,83.6,8.4,1,65.0,5.0,68.614,1.769,5.69,334.83,4.28,841.07,19.078,39.72,152.3,9.6,2,Ha14,34307000000.000004,173.622,936362918633.4988,10.535382742526886,11.971444206656662,1.436061464129775
UGC08490,30,2,18.571521468214993,25.373916231539305,3.7347870816063566,17.33957660825498,-8.034339623284325,14.836734386608637,UGC08490,9,4.65,0.53,2,50.0,3.0,1.017,0.012,1.14,124.98,0.67,576.54,0.72,7.8,78.6,3.8,1,"Sw09,Sw02",508499999.99999994,89.60399999999998,128709953902.77869,8.706290957258764,11.109612134766758,2.403321177507994
UGCA442,8,1,3.6895728639976935,7.848455947357365,1.397893635842093,9.715659802561436,1.867203855204071,2.2916792281556004,UGCA442,9,4.35,0.22,2,64.0,7.0,0.14,0.005,1.71,7.6,1.18,116.1,0.263,4.37,56.4,2.1,1,Co00,70000000.0,64.29599999999999,47553425707.58282,7.845098040014257,10.67718180859856,2.832083768584305
UGC12632,15,1,0.8564798790917586,6.272580281296179,0.688343964063188,11.520544768472028,5.2479644871758495,0.16813591502857061,UGC12632,9,9.77,2.93,1,46.0,3.0,1.301,0.03,3.94,13.09,2.42,66.81,1.744,12.6,71.7,2.8,1,"Sw09,Sw02",650500000.0,81.738,97701664722.11696,8.813247300897604,10.989901963651937,2.1766546627543306
UGC01281,25,1,,,,,,,UGC01281,8,5.27,0.24,2,90.0,1.0,0.353,0.009,2.01,13.83,1.63,135.78,0.294,5.26,55.2,3.5,1,"dB02,Sw02",176500000.0,62.928,44582224022.35806,8.246744709723842,10.64916172983613,2.4024170201122885
