Galaxy,T,D,e_D,f_D,Inc,e_Inc,L36,e_L36,Reff,SBeff,Rdisk,SBdisk,MHI,RHI,Vflat,e_Vflat,Q,Ref,M_star,r_vir,M_halo,logM_star,logM_halo,logM_halo_per_star
D631-7,10,7.72,0.18,2,59.0,3.0,0.196,0.009,1.22,20.93,0.7,115.04,0.29,0.0,57.7,2.7,1,"Tr09,dB01",98000000.0,65.77799999999999,50918070273.50026,7.991226075692495,10.706871936115729,2.7156458604232334
DDO064,10,6.8,2.04,1,60.0,5.0,0.157,0.007,1.2,17.41,0.69,151.65,0.211,3.49,46.1,3.9,1,"dB02,Sw02",78500000.0,52.553999999999995,25968524414.60063,7.894869656745253,10.414447272817478,2.519577616072225
DDO154,10,4.04,0.2,2,64.0,3.0,0.053,0.002,0.65,19.99,0.37,71.26,0.275,4.96,47.0,1.0,2,"Be91,CB89",26500000.0,53.58,27519343580.777096,7.423245873936808,10.439638070455686,3.0163921965188782
DDO161,10,7.5,2.25,1,70.0,10.0,0.548,0.015,2.04,20.74,1.22,169.37,1.378,10.69,66.3,1.9,1,Co00,274000000.0,75.582,77247615406.97202,8.437750562820389,10.887885081862853,2.4501345190424644
DDO168,10,4.25,0.21,2,63.0,6.0,0.191,0.005,1.29,18.23,1.02,92.22,0.413,4.3,53.4,1.9,2,"Sa96,Br92",95500000.0,60.87599999999999,40361590119.30033,7.980003371583746,10.605968267734204,2.6259648961504576
DDO170,10,15.4,4.62,1,66.0,7.0,0.543,0.03,3.03,9.39,1.95,73.93,0.735,9.14,60.0,1.6,2,"Be91,La90",271500000.0,68.39999999999999,57252999946.52294,8.433769833924865,10.757798247799466,2.3240284138746006
ESO079-G014,4,28.7,7.17,1,79.0,5.0,51.733,0.524,7.23,157.34,5.08,2295.25,3.14,17.67,175.0,3.5,1,Ge04,25866500000.0,199.49999999999997,1420556928649.9834,10.412737668240323,12.152458642707417,1.7397209744670938
ESO116-G012,7,13.0,3.9,1,74.0,3.0,4.292,0.071,2.75,90.54,1.51,1320.78,1.083,9.58,109.1,3.1,1,Ge04,2146000000.0,124.37399999999998,344206247268.60126,9.331629717629932,11.53681874841356,2.205189030783629
ESO563-G021,4,60.8,9.1,1,83.0,3.0,311.177,2.579,10.59,429.37,5.45,6558.89,24.298,55.71,314.6,11.7,1,SG06,155588500000.0,358.644,8253167351802.295,11.191977493867602,12.916620651510339,1.7246431576427366
F568-V1,7,80.6,8.06,1,40.0,10.0,3.825,0.384,4.4,31.39,2.85,90.54,2.491,14.38,112.3,15.8,1,"dB01,dB96",1912500000.0,128.022,375390921544.5103,9.281601443825656,11.574483765432907,2.2928823216072516
F571-8,5,53.3,10.7,1,85.0,5.0,10.164,0.412,1.4,825.71,3.56,87.26,1.782,24.55,139.7,4.3,1,"dB01,dB96",5082000000.0,159.25799999999998,722659497924.8575,9.70603466071435,11.85893371499108,2.1528990542767303
F571-V1,7,80.1,8.0,1,30.0,10.0,1.849,0.267,4.38,15.3,2.47,64.39,1.217,10.1,83.6,3.5,2,"dB97,dB96",924500000.0,95.30399999999999,154868584518.1601,8.965906915495191,11.189963328965584,2.224056413470393
F574-1,7,96.8,9.68,1,65.0,10.0,6.537,0.596,5.87,29.98,4.46,128.48,3.524,16.19,97.8,4.1,1,"dB01,dB96",3268500000.0,111.49199999999999,247948257759.4044,9.514348489301938,11.394361061011338,1.8800125717094005
F583-1,9,35.4,8.85,1,63.0,5.0,0.986,0.093,3.74,11.19,2.36,60.93,2.126,15.65,85.8,3.6,1,"KN08,dB96",493000000.0,97.81199999999998,167419623214.622,8.69284691927723,11.22380636019465,2.530959440917421
IC2574,9,3.91,0.2,2,75.0,7.0,1.016,0.012,3.18,15.88,2.78,80.32,1.036,10.81,66.4,2.0,2,"Sa96,MC94",508000000.0,75.696,77597679598.03857,8.70586371228392,10.889848734752587,2.1839850224686668
IC4202,4,100.4,10.0,1,90.0,1.0,179.749,3.311,8.55,391.59,4.78,8888.53,12.326,32.13,242.6,11.0,1,SG06,89874500000.0,276.56399999999996,3784572996096.1743,10.953636487281399,12.578016886240198,1.6243803989587988
KK98-251,10,6.8,2.04,1,59.0,5.0,0.085,0.007,1.28,7.89,1.34,52.1,0.115,2.9,33.7,1.6,2,BC04,42500000.0,38.418,10144582988.251328,7.628388930050312,10.00623419926255,2.377845269212239
NGC0024,5,7.3,0.36,2,64.0,3.0,3.889,0.036,2.01,151.65,1.34,1182.58,0.676,7.29,106.3,7.9,1,"Di08,Ch06",1944500000.0,121.18199999999999,318378909016.92896,9.288807947483479,11.502944290218425,2.214136342734946
NGC0055,9,2.11,0.11,2,77.0,3.0,4.628,0.013,3.67,54.55,6.11,391.59,1.565,10.24,85.6,5.0,2,"Sa96,Pu91",2314000000.0,97.58399999999999,166251583557.8982,9.364363354615731,11.220765790679994,1.856402436064263
NGC0100,6,13.5,4.05,1,89.0,1.0,3.232,0.063,2.81,64.99,1.66,1193.52,1.99,16.36,88.1,6.4,1,"dB02,Rh96",1616000000.0,100.43399999999998,181247582195.3958,9.208441356438568,11.258272221884678,2.0498308654461095
NGC0247,7,3.7,0.19,2,74.0,3.0,7.332,0.027,5.87,33.79,3.74,506.79,1.746,12.79,104.9,8.0,2,"Sa96,Ca90",3666000000.0,119.586,305964444701.23773,9.564192460626197,11.485670961229209,1.921478500603012
NGC0289,4,20.8,5.2,1,46.0,5.0,72.065,0.465,2.69,1587.93,6.74,69.96,27.469,49.51,163.0,8.0,2,Wa97,36032500000.0,185.82,1147908600737.9834,10.556694395304326,12.059907309860408,1.503212914556082
NGC0300,7,2.08,0.1,2,42.0,10.0,2.922,0.008,1.77,147.51,1.75,437.35,0.936,9.2,93.3,7.0,2,"Sa96,CP90",1461000000.0,106.36199999999998,215272932979.29968,9.164650215934296,11.332989427888034,2.1683392119537377
NGC0801,5,80.7,8.07,1,80.0,1.0,312.57,3.455,7.76,818.14,8.72,1558.94,23.201,44.99,220.1,6.2,1,"Sa96,Br92",156285000000.0,250.91399999999996,2826211272763.2056,11.193917297086106,12.451204624308579,1.257287327222473
NGC0891,3,9.91,0.5,2,90.0,1.0,138.34,0.255,3.68,1617.45,2.55,5067.92,4.462,18.16,216.1,5.7,1,Fr11,69170000000.0,246.35399999999998,2674907677756.568,10.83991777567868,12.427308797298258,1.5873910216195775
NGC1003,6,11.4,3.42,1,67.0,5.0,6.82,0.075,2.76,140.87,1.61,1345.33,5.88,33.33,109.8,4.2,1,"Sa96,Br92",3410000000.0,125.17199999999998,350874265883.26654,9.532754378992498,11.545151516990753,2.0123971379982546
NGC1090,4,37.0,9.25,1,64.0,3.0,72.045,0.796,6.36,283.68,3.53,2055.09,8.783,30.49,164.4,3.7,1,Ge04,36022500000.0,187.416,1177741385371.9329,10.556573850030663,12.071049936260628,1.5144760862299655
NGC2403,6,3.16,0.16,2,63.0,3.0,10.041,0.028,2.16,341.06,1.39,1408.74,3.199,15.11,131.2,4.9,1,"Da06,Fr02",5020500000.0,149.56799999999998,598612803783.3854,9.700746971413459,11.77714600176746,2.0763990303540005
NGC2683,3,9.81,0.49,2,80.0,5.0,80.415,0.222,3.34,1139.8,2.18,10205.4,1.406,13.79,154.0,8.1,2,"Sa96,Br92",40207500000.0,175.55999999999997,968069771280.9614,10.604307070617006,11.985906659157923,1.381599588540917
NGC2841,3,14.1,1.4,3,76.0,10.0,188.121,0.52,5.51,983.63,3.64,4751.49,9.775,45.12,284.8,8.6,1,"Di08,Be91",94060500000.0,324.67199999999997,6123002708468.674,10.97340728300738,12.78696445154299,1.8135571685356116
NGC2903,4,6.6,1.98,1,66.0,3.0,81.863,0.151,4.54,632.16,2.33,1193.52,2.552,13.76,184.6,5.6,1,"Be91,Be87",40931500000.0,210.444,1667399192040.754,10.612057660349793,12.222039586718214,1.6099819263684214
NGC2915,11,4.06,0.2,2,56.0,4.0,0.641,0.008,0.53,347.4,0.55,313.93,0.508,7.16,83.5,6.3,2,El10,320500000.0,95.19,154313500515.00732,8.505828033854836,11.18840392309934,2.6825758892445037
NGC2976,5,3.58,0.18,2,61.0,10.0,3.371,0.019,1.31,308.2,1.01,1502.55,0.172,3.04,85.4,3.3,2,Si03,1685500000.0,97.356,165088989297.6138,9.226728756856991,11.21771810871555,1.990989351858559
NGC2998,5,68.1,10.2,1,58.0,2.0,150.902,2.085,7.06,479.55,6.2,774.16,23.451,43.58,209.9,8.1,1,"Sa96,Br92",75451000000.0,239.28599999999997,2451217296074.552,10.877665000130216,12.389381812395735,1.5117168122655187
NGC3109,9,1.33,0.07,2,70.0,5.0,0.194,0.002,1.64,11.4,1.56,140.87,0.477,6.0,66.2,2.6,1,"Be91,JC90",97000000.0,75.468,76898605625.32117,7.986771734266245,10.885918464967634,2.899146730701389
NGC3198,5,13.8,1.4,3,73.0,3.0,38.279,0.212,5.84,178.99,3.14,1602.62,10.869,35.66,150.1,3.9,1,"Da06,Be91,Be87",19139500000.0,171.11399999999998,896368473448.6422,10.281930588086734,11.952486573378346,1.670555985291612
NGC3521,4,7.7,2.3,1,75.0,5.0,84.836,0.156,2.45,2232.7,2.4,2112.66,4.154,18.85,213.7,15.9,1,"Da06,Sa96",42418000000.0,243.61799999999997,2586771474506.5576,10.627550187767522,12.412758063140743,1.7852078753732208
NGC3726,5,18.0,2.5,4,53.0,2.0,70.234,0.388,7.52,198.08,3.4,1789.91,6.473,22.2,168.0,6.2,2,"VS01,SV98",35117000000.0,191.51999999999998,1256817854826.0718,10.545517407601492,12.099272341826122,1.5537549342246297
NGC3741,10,3.21,0.17,2,70.0,4.0,0.028,0.001,0.32,42.94,0.2,143.49,0.182,4.2,50.1,2.1,1,"Ge07,Bm05",14000000.0,57.114,33331716111.241577,7.146128035678238,10.522857674250272,3.3767296385720336
NGC3769,3,18.0,2.5,4,70.0,2.0,18.679,0.189,2.18,626.37,3.38,160.26,5.529,22.57,118.6,8.4,2,"VS01,SV98",9339500000.0,135.20399999999998,442179458728.5016,9.970323626438503,11.645598563733266,1.6752749372947626
NGC3877,5,18.0,2.5,4,76.0,1.0,72.535,0.401,4.39,598.18,2.53,3410.59,1.483,11.47,168.4,5.1,2,"VS01,SV98",36267500000.0,191.976,1265816516634.8518,10.559517619720909,12.102370758139427,1.5428531384185185
NGC3893,5,18.0,2.5,4,49.0,2.0,58.525,0.377,2.43,1573.37,2.38,2055.09,5.799,20.84,174.0,8.9,1,"VS01,SV98",29262500000.0,198.35999999999999,1396343415695.748,10.466311426704682,12.144992241496334,1.6786808147916528
NGC3917,6,18.0,2.5,4,79.0,2.0,21.966,0.202,5.56,112.94,2.63,1226.96,1.888,14.08,135.9,4.1,1,"VS01,SV98",10983000000.0,154.926,665277547788.7239,10.040720983601194,11.823002866846018,1.7822818832448242
NGC3949,4,18.0,2.5,4,55.0,2.0,38.067,0.28,2.39,1058.84,3.59,185.71,3.371,13.72,163.0,7.1,2,"VS01,SV98",19033500000.0,185.82,1147908600737.9834,10.279518656438448,12.059907309860408,1.7803886534219604
NGC3953,4,18.0,2.5,4,62.0,1.0,141.301,0.521,6.17,587.26,4.89,1999.08,2.832,17.38,220.8,6.1,1,"VS01,SV98",70650500000.0,251.712,2853262337430.916,10.849115239736914,12.455341703820018,1.6062264640831039
NGC3972,4,18.0,2.5,4,77.0,1.0,14.353,0.172,3.73,164.75,2.18,1587.93,1.214,10.05,132.7,2.9,1,"VS01,SV98",7176500000.0,151.27799999999996,619380124815.4458,9.855912689188244,11.791957265241841,1.9360445760535967
NGC3992,4,23.7,2.3,5,56.0,2.0,226.932,0.836,9.99,360.44,4.96,3257.09,16.599,32.75,241.0,5.2,1,"VS01,SV98",113466000000.0,274.73999999999995,3710185504928.027,11.054865745013934,12.56939562437314,1.5145298793592055
NGC4010,7,18.0,2.5,4,89.0,1.0,17.193,0.19,6.63,14.75,2.81,2611.14,2.832,17.59,125.8,4.7,2,"VS01,SV98",8596500000.0,143.41199999999998,527699180796.62213,9.93432166751343,11.722386419976285,1.788064752462855
NGC4013,3,18.0,2.5,4,89.0,1.0,79.094,0.364,4.11,746.16,3.53,10205.4,2.967,31.35,172.9,7.1,2,"VS01,SV98",39547000000.0,197.106,1370028105089.3882,10.597113543892805,12.136729476470302,1.5396159325774974
NGC4051,4,18.0,2.5,4,49.0,3.0,95.268,0.439,6.87,319.76,4.65,1320.78,2.697,15.13,157.0,5.5,2,"VS01,SV98",47634000000.0,178.98,1025754554268.7478,10.677917052328029,12.011043453876235,1.3331264015482063
NGC4085,5,18.0,2.5,4,82.0,2.0,21.724,0.2,2.0,856.7,1.65,5021.46,1.349,10.16,131.5,4.8,2,"VS01,SV98",10862000000.0,149.91,602728538262.8328,10.03590979845661,11.780121755125865,1.7442119566692558
NGC4088,4,18.0,2.5,4,69.0,2.0,107.286,0.494,6.1,457.96,2.58,3988.69,8.226,22.25,171.7,6.9,1,"VS01,SV98",53643000000.0,195.73799999999997,1341699883703.6812,10.729513057900906,12.127655382131284,1.3981423242303777
NGC4100,4,18.0,2.5,4,73.0,2.0,59.394,0.328,4.93,388.0,2.15,8970.78,3.102,18.06,158.2,5.0,1,"VS01,SV98",29697000000.0,180.34799999999998,1049455273307.2766,10.472712578972017,12.020963934133508,1.5482513551614918
NGC4138,0,18.0,2.5,4,53.0,3.0,44.111,0.284,1.91,1909.11,1.51,3952.12,1.483,18.58,147.3,5.9,2,"VS01,SV98",22055500000.0,167.922,847135218216.6102,10.343516907717671,11.927952737176428,1.5844358294587568
NGC4157,3,18.0,2.5,4,82.0,3.0,105.62,0.486,4.44,848.85,2.32,23813.87,8.226,24.09,184.7,7.2,1,"VS01,SV98",52810000000.0,210.55799999999996,1670110409708.6428,10.722716167488494,12.222745182969259,1.5000290154807647
NGC4183,6,18.0,2.5,4,82.0,2.0,10.838,0.15,4.47,86.46,2.79,1098.58,3.506,16.07,110.6,5.4,1,"VS01,SV98",5419000000.0,126.08399999999999,358599663382.8655,9.73391915101239,11.554609877554572,1.820690726542182
NGC4217,3,18.0,2.5,4,86.0,2.0,85.299,0.393,5.28,483.98,2.94,4373.51,2.562,16.7,181.3,7.2,1,"VS01,SV98",42649500000.0,206.682,1579566479786.836,10.629913944096419,12.19853790893506,1.5686239648386415
NGC4559,6,9.0,2.7,1,67.0,1.0,19.377,0.107,3.82,211.27,2.1,1602.62,5.811,21.16,121.2,5.1,1,Ba05,9688500000.0,138.16799999999998,471902584783.2203,9.98625654359883,11.673852356139337,1.687595812540506
NGC5005,4,16.9,1.5,5,68.0,2.0,178.72,0.494,3.97,1789.91,9.45,96.57,1.28,10.41,262.2,20.7,1,Ri15,89360000000.0,298.90799999999996,4777960540146.155,10.951143160107552,12.679242558710731,1.7280993986031792
NGC5033,5,15.7,4.7,1,66.0,1.0,110.509,0.407,2.94,2036.24,5.16,614.94,11.314,29.53,194.2,3.6,1,"Sa96,Be87",55254500000.0,221.38799999999998,1941297849134.2524,10.742367653317963,12.288092173364493,1.5457245200465302
NGC5055,4,9.9,0.3,2,55.0,6.0,152.922,0.282,4.18,1383.02,3.2,3348.34,11.722,35.06,179.0,4.9,1,"Ba06,Bl04",76461000000.0,204.05999999999997,1520210016019.8655,10.883439973667864,12.181903589588213,1.2984636159203493
NGC5371,4,39.7,9.92,1,53.0,2.0,340.393,1.881,9.8,560.83,7.44,1395.82,11.18,30.03,209.5,3.9,1,"Sa96,Be87",170196500000.0,238.82999999999998,2437230355320.1533,11.230950624806642,12.386896578555477,1.1559459537488355
NGC5585,7,7.06,2.12,1,51.0,2.0,2.943,0.033,2.27,90.54,1.53,297.05,1.683,10.92,90.3,2.4,1,"Bl99,Sa96,Co91",1471500000.0,102.942,195167611686.82904,9.16776026643563,11.290407747589052,2.1226474811534217
NGC5907,5,17.3,0.9,2,88.0,2.0,175.425,0.646,7.88,449.6,5.34,8646.29,21.025,0.0,215.0,2.9,1,"Sa96,SA87",87712500000.0,245.09999999999997,2634267515479.282,10.943061489536872,12.42065987639535,1.477598386858478
NGC5985,3,39.7,9.9,1,60.0,2.0,208.728,1.538,10.71,288.95,7.01,1461.61,11.586,39.5,293.6,8.6,1,"Bl04,Br92",104364000000.0,334.704,6708302688463.605,11.018550716122284,12.826612650380634,1.8080619342583493
NGC6015,6,17.0,5.1,1,60.0,2.0,32.129,0.237,3.92,331.76,2.3,1926.77,5.834,21.43,154.1,7.0,2,VM97,16064499999.999998,175.67399999999998,969956846327.87,10.20586721288659,11.986752412803792,1.7808851999172024
NGC6195,3,127.8,12.8,1,62.0,5.0,391.076,6.123,9.52,686.8,13.94,174.11,20.907,40.89,251.7,9.3,1,SG06,195538000000.0,286.938,4226629143790.5,11.29123116882462,12.625994143293623,1.3347629744690028
NGC6503,6,6.26,0.31,2,74.0,2.0,12.845,0.059,1.62,774.16,2.16,398.87,1.744,14.05,116.3,2.4,1,"Be91,Be87",6422500000.0,132.582,416949676133.6554,9.807704112938383,11.62008364083388,1.8123795278954962
NGC6674,3,51.2,10.2,1,54.0,6.0,214.654,1.977,7.75,560.83,6.04,1370.35,32.165,50.02,241.3,4.9,1,"Sa96,Br92",107327000000.0,275.082,3724058224092.1113,11.030708990148176,12.571016462374892,1.5403074722267167
NGC6946,6,5.52,1.66,2,38.0,2.0,66.173,0.122,4.2,571.26,2.44,2232.7,5.67,21.25,158.9,10.9,1,Bo08,33086500000.0,181.146,1063447827241.2118,10.519650828475031,12.026716188270672,1.5070653597956412
NGC7331,3,14.7,1.5,3,75.0,2.0,250.631,0.693,3.99,2470.76,5.02,1806.47,11.067,27.01,239.0,5.4,1,"Be91,Be87",125315500000.0,272.46,3618580174893.22,11.098004791250704,12.558538199492947,1.4605334082422434
NGC7814,2,14.4,0.66,2,90.0,1.0,74.529,0.343,2.08,2709.13,2.54,2635.3,1.07,12.15,218.9,7.0,1,Fr11,37264500000.0,249.546,2780236760745.982,10.571295298417532,12.44408178135233,1.8727864829347975
UGC00128,8,64.5,9.7,1,57.0,10.0,12.02,0.565,9.63,20.36,5.95,88.89,7.431,31.27,129.3,2.8,1,"VB99,VH93",6010000000.0,147.402,572980802430.1835,9.77887447200274,11.758140071289716,1.9792655992869772
UGC00731,10,12.5,3.75,1,57.0,3.0,0.323,0.019,1.4,25.63,2.3,82.57,1.807,11.57,73.3,2.3,1,"Sw09,Sw02",161500000.0,83.56199999999998,104389404609.7221,8.208172526667122,11.018656420571919,2.810483893904797
UGC01281,8,5.27,0.24,2,90.0,1.0,0.353,0.009,2.01,13.83,1.63,135.78,0.294,5.26,55.2,3.5,1,"dB02,Sw02",176500000.0,62.928,44582224022.35806,8.246744709723842,10.64916172983613,2.4024170201122885
UGC02259,8,10.5,3.1,1,41.0,3.0,1.725,0.038,2.4,47.08,1.62,172.52,0.494,7.28,86.2,2.9,2,"Be91,Ca88",862500000.0,98.268,169772089608.94327,8.935759103745312,11.229866294122672,2.2941071903773604
UGC02487,0,69.1,10.4,1,36.0,5.0,489.955,4.061,9.63,818.14,7.89,1150.35,17.963,40.2,332.0,3.5,1,"No07,No05",244977500000.0,378.47999999999996,9699709949754.818,11.38912619834589,12.986758747760643,1.5976325494147527
UGC02885,5,80.6,8.06,1,64.0,4.0,403.525,4.088,12.2,421.53,11.4,470.79,40.075,74.24,289.5,12.0,1,"Sa96,RA85",201762500000.0,330.03,6431173125571.1,11.304840450521027,12.808290200838899,1.5034497503178716
UGC02916,2,65.4,9.8,1,50.0,5.0,124.153,1.83,2.8,2425.66,6.15,520.99,23.273,34.24,182.7,6.9,2,"No07,No05",62076500000.0,208.27799999999996,1616442046594.79,10.792927222529496,12.208560138706147,1.4156329161766514
UGC02953,2,16.5,4.95,1,50.0,4.0,259.518,0.717,5.03,1544.65,3.55,4215.31,7.678,24.0,264.9,6.0,2,"No07,No05",129758999999.99998,301.98599999999993,4927088595636.736,11.113137489948498,12.692590371540227,1.5794528815917293
UGC03205,2,50.0,10.0,1,67.0,4.0,113.642,1.361,5.35,587.26,3.19,3915.89,9.677,28.6,219.6,8.6,1,"No07,No05",56821000000.0,250.34399999999997,2806994127066.1323,10.754508872657953,12.448241503982697,1.6937326313247443
UGC03546,1,28.7,7.2,1,55.0,5.0,101.336,0.747,2.58,2403.42,3.79,922.21,2.675,18.37,196.9,7.4,1,"No07,No05",50668000000.0,224.46599999999998,2023399531322.4412,10.70473376187689,12.30608164506289,1.6013478831859995
UGC03580,1,20.7,5.2,1,63.0,4.0,13.266,0.195,1.84,614.94,2.43,302.57,4.37,19.97,126.2,3.2,2,"No07,No05",6633000000.0,143.868,532748899632.86847,9.821709997298376,11.726522561372882,1.904812564074506
UGC04278,7,9.51,2.85,1,90.0,3.0,1.307,0.026,2.46,34.11,2.21,377.42,1.116,8.9,91.4,4.8,1,"dB02,Sw02",653500000.0,104.196,202387219486.1088,8.815245591916563,11.306183083850028,2.4909374919334653
UGC04325,9,9.6,2.88,1,41.0,3.0,2.026,0.035,2.79,41.0,1.86,213.22,0.678,6.61,90.9,2.7,1,"Sw09,Sw02",1012999999.9999999,103.62599999999999,199083902955.42108,9.00560944536028,11.299036146314437,2.293426700954157
UGC04499,8,12.5,3.75,1,50.0,3.0,1.552,0.043,2.69,33.79,1.73,127.3,1.1,8.67,72.8,2.4,1,"Sw09,Sw02",776000000.0,82.99199999999999,102267734335.29181,8.889861721258189,11.009738634587645,2.119876913329456
UGC05005,10,53.7,10.7,1,41.0,10.0,4.1,0.283,5.02,25.63,3.2,65.59,3.093,21.61,98.9,7.2,1,"dB02,VH93",2049999999.9999998,112.746,256409062886.69147,9.311753861055754,11.408933371440073,2.0971795103843185
UGC05253,2,22.9,5.72,1,37.0,4.0,171.582,0.79,4.28,1488.78,8.07,189.16,16.396,36.64,213.7,7.1,2,"No07,No05",85791000000.0,243.61799999999997,2586771474506.5576,10.933441730094037,12.412758063140743,1.4793163330467056
UGC05716,9,21.3,5.3,1,54.0,10.0,0.588,0.042,1.84,27.59,1.14,90.54,1.094,10.64,73.1,1.2,2,vZ97,294000000.0,83.33399999999999,103537250428.39767,8.468347330412158,11.015096627522116,2.546749297109958
UGC05721,7,6.18,1.85,1,61.0,5.0,0.531,0.011,0.6,233.79,0.38,913.76,0.562,6.74,79.7,6.6,1,"dB02,Sw02",265500000.0,90.85799999999999,134189786166.18343,8.424064525417489,11.127719460836872,2.703654935419383
UGC05986,9,8.63,2.59,1,90.0,3.0,4.695,0.048,3.12,76.71,1.67,1725.16,2.667,16.53,113.0,4.1,2,"Sw09,Sw02",2347500000.0,128.82,382454545665.91724,9.370605600938148,11.582579827098794,2.2119742261606454
UGC06399,9,18.0,2.5,4,75.0,2.0,2.296,0.072,3.45,30.82,2.05,311.05,0.674,8.8,85.0,3.8,1,"VS01,SV98",1148000000.0,96.89999999999999,162780086074.8074,9.059941888061955,11.211601273791413,2.1516593857294577
UGC06446,7,12.0,3.6,1,51.0,3.0,0.988,0.032,2.06,37.05,1.49,86.46,1.379,10.33,82.2,4.3,1,"VS01,SV98",494000000.0,93.708,147217673171.4916,8.693726948923647,11.167959949268685,2.4742330003450377
UGC06614,1,88.7,8.87,1,36.0,10.0,124.35,2.52,3.68,1461.61,5.1,540.54,21.888,60.63,199.8,16.0,1,"dB01,VH93",62175000000.0,227.772,2114126394386.3047,10.793615793941974,12.325130948318424,1.53151515437645
UGC06667,6,18.0,2.5,4,89.0,1.0,1.397,0.066,3.5,18.06,5.15,614.94,0.809,8.59,83.8,3.1,1,"VS01,SV98",698500000.0,95.53199999999998,155982742740.48978,8.844166410450201,11.193076552539363,2.348910142089162
UGC06786,0,29.3,7.32,1,64.0,3.0,73.407,0.676,3.42,992.73,3.6,1078.52,5.03,20.31,219.4,7.8,1,"No07,No05",36703500000.0,250.11599999999999,2799331726950.808,10.564707480007137,12.447054366364611,1.8823468863574746
UGC06787,2,21.3,5.32,1,66.0,3.0,98.256,0.543,2.88,1891.6,5.37,429.37,5.03,26.44,248.1,4.8,2,"No07,No05",49128000000.0,282.83399999999995,4047853531168.9844,10.691329084374111,12.607224789465162,1.9158957050910512
UGC06818,9,18.0,2.5,4,75.0,3.0,1.588,0.057,2.12,56.08,1.39,286.31,1.079,6.96,71.2,4.0,2,"VS01,SV98",794000000.0,81.16799999999999,95671917319.82303,8.899820502427096,10.980784477559103,2.0809639751320077
UGC06917,9,18.0,2.5,4,56.0,2.0,6.832,0.12,4.52,53.07,2.76,261.11,2.023,12.67,108.7,3.5,1,"VS01,SV98",3416000000.0,123.91799999999999,340434157752.6616,9.533517862016968,11.532033128907418,1.9985152668904504
UGC06923,10,18.0,2.5,4,65.0,2.0,2.89,0.077,1.66,166.28,1.44,347.4,0.809,6.75,79.6,2.5,2,"VS01,SV98",1445000000.0,90.74399999999999,133685313814.98332,9.159867847092567,11.12608369986154,1.9662158527689737
UGC06930,7,18.0,2.5,4,32.0,5.0,8.932,0.14,4.38,73.93,3.94,189.16,3.237,16.76,107.2,5.1,1,"VS01,SV98",4466000000.0,122.208,326534334064.18646,9.64991871873542,11.513928852718788,1.8640101339833688
UGC06983,6,18.0,2.5,4,49.0,1.0,5.298,0.102,3.95,53.56,3.21,121.57,2.967,16.07,109.0,5.8,1,"VS01,SV98",2649000000.0,124.25999999999999,343260626239.56323,9.423081958297232,11.535623990470405,2.112542032173174
UGC07125,9,19.8,5.9,1,90.0,3.0,2.712,0.08,3.92,28.11,3.38,103.0,4.629,23.04,65.2,2.1,1,"Sw09,Sw02",1356000000.0,74.328,73466150447.23094,9.132259689531045,10.866087283844294,1.733827594313249
UGC07151,6,6.87,0.34,2,90.0,3.0,2.284,0.025,2.17,76.71,1.25,965.67,0.616,6.39,73.5,2.8,1,"Sw09,Sw02",1142000000.0,83.78999999999999,105246221729.81998,9.05766610390983,11.02220651390112,1.9645404099912902
UGC07261,8,13.1,3.93,1,30.0,10.0,1.753,0.048,2.66,39.16,1.2,566.02,1.388,10.1,74.7,3.4,2,"Sw09,Sw02",876500000.0,85.158,110485758646.426,8.942751920429814,11.04330630209473,2.1005543816649173
UGC07399,8,8.43,2.53,1,55.0,3.0,1.156,0.024,1.27,113.98,1.64,135.78,0.745,7.85,103.0,3.3,1,"Sw09,Sw02",578000000.0,117.41999999999999,289638420706.3156,8.76192783842053,11.461856170764051,2.6999283323435215
UGC07524,9,4.74,0.24,2,46.0,3.0,2.436,0.025,3.61,29.71,3.46,106.86,1.779,12.11,79.5,3.6,1,"Sw09,Sw02",1218000000.0,90.63,133182107391.2265,9.085647288296856,11.124445882617945,2.0387985943210882
UGC07603,7,4.7,1.41,1,78.0,3.0,0.376,0.008,0.85,81.81,0.53,520.99,0.258,4.37,61.6,2.8,1,"Sw09,Sw02",188000000.0,70.22399999999999,61956465361.981544,8.27415784926368,10.79208663314181,2.51792878387813
UGC07690,10,8.11,2.43,1,41.0,5.0,0.858,0.018,0.86,184.01,0.57,395.21,0.39,5.5,57.4,3.2,2,"Sw09,Sw02",429000000.0,65.43599999999999,50127976488.69657,8.632457292184725,10.700080173842455,2.06762288165773
UGC08286,6,6.5,0.21,2,90.0,3.0,1.255,0.018,2.25,39.52,1.05,1488.78,0.642,8.07,82.4,2.3,1,"Sw09,Sw02",627500000.0,93.93599999999999,148294871401.63364,8.797613730153076,11.171126131739882,2.3735124015868063
UGC08490,9,4.65,0.53,2,50.0,3.0,1.017,0.012,1.14,124.98,0.67,576.54,0.72,7.8,78.6,3.8,1,"Sw09,Sw02",508499999.99999994,89.60399999999998,128709953902.77867,8.706290957258764,11.109612134766758,2.403321177507994
UGC08550,7,6.7,2.0,1,90.0,3.0,0.289,0.009,1.01,45.38,0.45,1284.78,0.288,5.59,56.9,1.9,1,"Sw09,Sw02",144500000.0,64.866,48829389654.74748,8.159867847092567,10.688681295833748,2.5288134487411806
UGC08699,2,39.3,9.82,1,73.0,9.0,50.302,0.695,1.91,2191.95,3.09,1370.35,3.738,19.05,182.4,6.9,2,"No07,No05",25151000000.0,207.93599999999998,1608492345889.5908,10.400555257218906,12.206418998625727,1.8058637414068208
UGC09037,6,83.6,8.4,1,65.0,5.0,68.614,1.769,5.69,334.83,4.28,841.07,19.078,39.72,152.3,9.6,2,Ha14,34307000000.000004,173.62199999999999,936362918633.4987,10.535382742526886,11.971444206656662,1.436061464129775
UGC09133,2,57.1,11.4,1,53.0,6.0,282.926,2.345,5.92,1284.78,6.97,864.63,33.428,60.35,226.8,4.2,1,"No07,No05",141463000000.0,258.55199999999996,3092243229567.6963,11.150642863909233,12.490273647311142,1.3396307834019083
UGC09992,10,10.7,3.21,1,30.0,10.0,0.336,0.017,1.62,20.18,1.04,73.25,0.318,5.45,33.6,3.3,2,"Sw09,Sw02",168000000.0,38.303999999999995,10054542838.608574,8.225309281725863,10.002362328818066,1.7770530470922026
UGC10310,9,15.2,4.6,1,34.0,6.0,1.741,0.053,3.12,28.37,1.8,158.79,1.196,9.58,71.4,3.9,1,"Sw09,Sw02",870500000.0,81.396,96480408136.88269,8.93976877545335,10.984439131977057,2.0446703565237065
UGC11455,6,78.6,11.8,1,90.0,1.0,374.322,3.792,10.06,571.26,5.93,9568.2,13.335,43.44,269.4,7.4,1,SG06,187161000000.0,307.11599999999993,5182475656956.316,11.27221535695892,12.714537270809435,1.442321913850515
UGC11914,2,16.9,5.1,1,31.0,5.0,150.028,0.553,3.12,2425.66,2.44,3168.33,0.888,9.26,288.1,10.5,1,"No07,No05",75014000000.0,328.434,6338321606064.766,10.875142324129556,12.801974271489774,1.9268319473602187
UGC12506,6,100.6,10.1,1,86.0,4.0,139.571,3.214,12.36,144.82,7.38,5608.28,35.556,59.01,234.0,16.8,2,Ha14,69785500000.0,266.76,3396190703827.7944,10.843765194483272,12.530992068878962,1.6872268743956909
UGC12632,9,9.77,2.93,1,46.0,3.0,1.301,0.03,3.94,13.09,2.42,66.81,1.744,12.6,71.7,2.8,1,"Sw09,Sw02",650500000.0,81.738,97701664722.11696,8.813247300897604,10.989901963651935,2.1766546627543306
UGCA442,9,4.35,0.22,2,64.0,7.0,0.14,0.005,1.71,7.6,1.18,116.1,0.263,4.37,56.4,2.1,1,Co00,70000000.0,64.29599999999999,47553425707.58282,7.845098040014257,10.677181808598561,2.8320837685843046
UGCA444,10,0.98,0.05,2,78.0,4.0,0.012,0.0,0.41,11.94,0.83,22.74,0.067,2.08,37.0,4.8,2,Ke07,6000000.0,42.18,13426093547.64457,6.778151250383644,10.127949668849519,3.349798418465875
